stage_varied,estimator_family,reference_type,is_canonical,odds_multiplier,log_odds_shift,metric,estimate,ci_lower,ci_upper,bootstrap_replicates,bootstrap_unit,canonical_source,interpretation
source,source outcome-regression completion propagated through canonical update and target MAR,OR-completion sensitivity,False,0.5,-0.6931471805599453,update_alpha,0.2120096949665081,-0.2628780160394201,0.6674490387722948,1000,retained patient/operation,data/processed/mnar_chain_bootstrap_v32.parquet,parameterized OR-completion sensitivity with sampling interval; multiplier is not asserted clinically plausible
source,source outcome-regression completion propagated through canonical update and target MAR,OR-completion sensitivity,False,0.5,-0.6931471805599453,update_beta,0.9252239044925388,0.7392636146759154,1.107051779003844,1000,retained patient/operation,data/processed/mnar_chain_bootstrap_v32.parquet,parameterized OR-completion sensitivity with sampling interval; multiplier is not asserted clinically plausible
source,source outcome-regression completion propagated through canonical update and target MAR,OR-completion sensitivity,False,0.5,-0.6931471805599453,target_oe_ratio,0.9834079508807098,0.8294548353190013,1.161846782613863,1000,retained patient/operation,data/processed/mnar_chain_bootstrap_v32.parquet,parameterized OR-completion sensitivity with sampling interval; multiplier is not asserted clinically plausible
source,source outcome-regression completion propagated through canonical update and target MAR,OR-completion sensitivity,False,0.5,-0.6931471805599453,target_calibration_slope,0.9451284357562884,0.7324023576799159,1.2368547833870207,1000,retained patient/operation,data/processed/mnar_chain_bootstrap_v32.parquet,parameterized OR-completion sensitivity with sampling interval; multiplier is not asserted clinically plausible
source,source outcome-regression completion propagated through canonical update and target MAR,OR-completion sensitivity,False,0.5,-0.6931471805599453,target_auroc,0.6926572636767963,0.6520403761124296,0.737355729729942,1000,retained patient/operation,data/processed/mnar_chain_bootstrap_v32.parquet,parameterized OR-completion sensitivity with sampling interval; multiplier is not asserted clinically plausible
source,source outcome-regression completion propagated through canonical update and target MAR,OR-completion sensitivity,False,0.5,-0.6931471805599453,target_brier,0.0816739798913593,0.0727191010327322,0.0912603989656723,1000,retained patient/operation,data/processed/mnar_chain_bootstrap_v32.parquet,parameterized OR-completion sensitivity with sampling interval; multiplier is not asserted clinically plausible
source,source outcome-regression completion propagated through canonical update and target MAR,OR-completion sensitivity,False,0.5,-0.6931471805599453,threshold_5_alerts,2032.0,1660.775,2370.0,1000,retained patient/operation,data/processed/mnar_chain_bootstrap_v32.parquet,parameterized OR-completion sensitivity with sampling interval; multiplier is not asserted clinically plausible
source,source outcome-regression completion propagated through canonical update and target MAR,OR-completion sensitivity,False,0.5,-0.6931471805599453,threshold_5_alerts_per_1000,785.4657904909161,641.9694626981059,916.1190568225744,1000,retained patient/operation,data/processed/mnar_chain_bootstrap_v32.parquet,parameterized OR-completion sensitivity with sampling interval; multiplier is not asserted clinically plausible
source,source outcome-regression completion propagated through canonical update and target MAR,OR-completion sensitivity,False,0.5,-0.6931471805599453,threshold_10_alerts,780.0,597.975,985.075,1000,retained patient/operation,data/processed/mnar_chain_bootstrap_v32.parquet,parameterized OR-completion sensitivity with sampling interval; multiplier is not asserted clinically plausible
source,source outcome-regression completion propagated through canonical update and target MAR,OR-completion sensitivity,False,0.5,-0.6931471805599453,threshold_10_alerts_per_1000,301.5075376884422,231.14611519134132,380.77889447236174,1000,retained patient/operation,data/processed/mnar_chain_bootstrap_v32.parquet,parameterized OR-completion sensitivity with sampling interval; multiplier is not asserted clinically plausible
source,source outcome-regression completion propagated through canonical update and target MAR,OR-completion sensitivity,False,0.5,-0.6931471805599453,threshold_20_alerts,196.0,141.0,257.0,1000,retained patient/operation,data/processed/mnar_chain_bootstrap_v32.parquet,parameterized OR-completion sensitivity with sampling interval; multiplier is not asserted clinically plausible
source,source outcome-regression completion propagated through canonical update and target MAR,OR-completion sensitivity,False,0.5,-0.6931471805599453,threshold_20_alerts_per_1000,75.76343254735214,54.50328565906455,99.3428681870893,1000,retained patient/operation,data/processed/mnar_chain_bootstrap_v32.parquet,parameterized OR-completion sensitivity with sampling interval; multiplier is not asserted clinically plausible
source,source outcome-regression completion propagated through canonical update and target MAR,OR-completion sensitivity,False,0.6666666667,-0.4054651080581644,update_alpha,0.2364184851285847,-0.2770692193772584,0.6669875605732796,1000,retained patient/operation,data/processed/mnar_chain_bootstrap_v32.parquet,parameterized OR-completion sensitivity with sampling interval; multiplier is not asserted clinically plausible
source,source outcome-regression completion propagated through canonical update and target MAR,OR-completion sensitivity,False,0.6666666667,-0.4054651080581644,update_beta,0.9473911215948676,0.7520668643021441,1.1225144435532022,1000,retained patient/operation,data/processed/mnar_chain_bootstrap_v32.parquet,parameterized OR-completion sensitivity with sampling interval; multiplier is not asserted clinically plausible
source,source outcome-regression completion propagated through canonical update and target MAR,OR-completion sensitivity,False,0.6666666667,-0.4054651080581644,target_oe_ratio,0.9827803128464964,0.8300307825132865,1.160854062122617,1000,retained patient/operation,data/processed/mnar_chain_bootstrap_v32.parquet,parameterized OR-completion sensitivity with sampling interval; multiplier is not asserted clinically plausible
source,source outcome-regression completion propagated through canonical update and target MAR,OR-completion sensitivity,False,0.6666666667,-0.4054651080581644,target_calibration_slope,0.9478147889508508,0.7271984991312523,1.2388598488328375,1000,retained patient/operation,data/processed/mnar_chain_bootstrap_v32.parquet,parameterized OR-completion sensitivity with sampling interval; multiplier is not asserted clinically plausible
source,source outcome-regression completion propagated through canonical update and target MAR,OR-completion sensitivity,False,0.6666666667,-0.4054651080581644,target_auroc,0.6928103996362194,0.6476294783021251,0.7350584145058754,1000,retained patient/operation,data/processed/mnar_chain_bootstrap_v32.parquet,parameterized OR-completion sensitivity with sampling interval; multiplier is not asserted clinically plausible
source,source outcome-regression completion propagated through canonical update and target MAR,OR-completion sensitivity,False,0.6666666667,-0.4054651080581644,target_brier,0.0816573469639764,0.0728240523691572,0.0913655719737657,1000,retained patient/operation,data/processed/mnar_chain_bootstrap_v32.parquet,parameterized OR-completion sensitivity with sampling interval; multiplier is not asserted clinically plausible
source,source outcome-regression completion propagated through canonical update and target MAR,OR-completion sensitivity,False,0.6666666667,-0.4054651080581644,threshold_5_alerts,2049.0,1682.925,2389.025,1000,retained patient/operation,data/processed/mnar_chain_bootstrap_v32.parquet,parameterized OR-completion sensitivity with sampling interval; multiplier is not asserted clinically plausible
source,source outcome-regression completion propagated through canonical update and target MAR,OR-completion sensitivity,False,0.6666666667,-0.4054651080581644,threshold_5_alerts_per_1000,792.0371086200232,650.5315036722071,923.4731349052958,1000,retained patient/operation,data/processed/mnar_chain_bootstrap_v32.parquet,parameterized OR-completion sensitivity with sampling interval; multiplier is not asserted clinically plausible
source,source outcome-regression completion propagated through canonical update and target MAR,OR-completion sensitivity,False,0.6666666667,-0.4054651080581644,threshold_10_alerts,768.0,584.975,974.15,1000,retained patient/operation,data/processed/mnar_chain_bootstrap_v32.parquet,parameterized OR-completion sensitivity with sampling interval; multiplier is not asserted clinically plausible
source,source outcome-regression completion propagated through canonical update and target MAR,OR-completion sensitivity,False,0.6666666667,-0.4054651080581644,threshold_10_alerts_per_1000,296.8689601855431,226.12098956320065,376.5558562040974,1000,retained patient/operation,data/processed/mnar_chain_bootstrap_v32.parquet,parameterized OR-completion sensitivity with sampling interval; multiplier is not asserted clinically plausible
source,source outcome-regression completion propagated through canonical update and target MAR,OR-completion sensitivity,False,0.6666666667,-0.4054651080581644,threshold_20_alerts,198.0,141.0,251.0,1000,retained patient/operation,data/processed/mnar_chain_bootstrap_v32.parquet,parameterized OR-completion sensitivity with sampling interval; multiplier is not asserted clinically plausible
source,source outcome-regression completion propagated through canonical update and target MAR,OR-completion sensitivity,False,0.6666666667,-0.4054651080581644,threshold_20_alerts_per_1000,76.53652879783533,54.50328565906455,97.02357943563972,1000,retained patient/operation,data/processed/mnar_chain_bootstrap_v32.parquet,parameterized OR-completion sensitivity with sampling interval; multiplier is not asserted clinically plausible
source,source outcome-regression completion propagated through canonical update and target MAR,"OR-completion reference, k=1",False,1.0,0.0,update_alpha,0.1980754798894678,-0.3082634845574081,0.669209149398412,1000,retained patient/operation,data/processed/mnar_chain_bootstrap_v32.parquet,parameterized OR-completion sensitivity with sampling interval; multiplier is not asserted clinically plausible
source,source outcome-regression completion propagated through canonical update and target MAR,"OR-completion reference, k=1",False,1.0,0.0,update_beta,0.958042353751805,0.7620273247438528,1.1474990324309284,1000,retained patient/operation,data/processed/mnar_chain_bootstrap_v32.parquet,parameterized OR-completion sensitivity with sampling interval; multiplier is not asserted clinically plausible
source,source outcome-regression completion propagated through canonical update and target MAR,"OR-completion reference, k=1",False,1.0,0.0,target_oe_ratio,0.9816155492180504,0.8286019658891567,1.158130370527244,1000,retained patient/operation,data/processed/mnar_chain_bootstrap_v32.parquet,parameterized OR-completion sensitivity with sampling interval; multiplier is not asserted clinically plausible
source,source outcome-regression completion propagated through canonical update and target MAR,"OR-completion reference, k=1",False,1.0,0.0,target_calibration_slope,0.9420279672530524,0.7223123804897632,1.2330122742199472,1000,retained patient/operation,data/processed/mnar_chain_bootstrap_v32.parquet,parameterized OR-completion sensitivity with sampling interval; multiplier is not asserted clinically plausible
source,source outcome-regression completion propagated through canonical update and target MAR,"OR-completion reference, k=1",False,1.0,0.0,target_auroc,0.6867220488973512,0.6420245554395843,0.7309174230549208,1000,retained patient/operation,data/processed/mnar_chain_bootstrap_v32.parquet,parameterized OR-completion sensitivity with sampling interval; multiplier is not asserted clinically plausible
source,source outcome-regression completion propagated through canonical update and target MAR,"OR-completion reference, k=1",False,1.0,0.0,target_brier,0.0818384349417718,0.0729664887307119,0.0915292018261779,1000,retained patient/operation,data/processed/mnar_chain_bootstrap_v32.parquet,parameterized OR-completion sensitivity with sampling interval; multiplier is not asserted clinically plausible
source,source outcome-regression completion propagated through canonical update and target MAR,"OR-completion reference, k=1",False,1.0,0.0,threshold_5_alerts,2131.0,1739.9,2448.075,1000,retained patient/operation,data/processed/mnar_chain_bootstrap_v32.parquet,parameterized OR-completion sensitivity with sampling interval; multiplier is not asserted clinically plausible
source,source outcome-regression completion propagated through canonical update and target MAR,"OR-completion reference, k=1",False,1.0,0.0,threshold_5_alerts_per_1000,823.7340548898338,672.5550831078469,946.2988017008116,1000,retained patient/operation,data/processed/mnar_chain_bootstrap_v32.parquet,parameterized OR-completion sensitivity with sampling interval; multiplier is not asserted clinically plausible
source,source outcome-regression completion propagated through canonical update and target MAR,"OR-completion reference, k=1",False,1.0,0.0,threshold_10_alerts,732.0,553.95,958.025,1000,retained patient/operation,data/processed/mnar_chain_bootstrap_v32.parquet,parameterized OR-completion sensitivity with sampling interval; multiplier is not asserted clinically plausible
source,source outcome-regression completion propagated through canonical update and target MAR,"OR-completion reference, k=1",False,1.0,0.0,threshold_10_alerts_per_1000,282.95322767684576,214.1283339775802,370.3227676845767,1000,retained patient/operation,data/processed/mnar_chain_bootstrap_v32.parquet,parameterized OR-completion sensitivity with sampling interval; multiplier is not asserted clinically plausible
source,source outcome-regression completion propagated through canonical update and target MAR,"OR-completion reference, k=1",False,1.0,0.0,threshold_20_alerts,189.0,140.95,241.0,1000,retained patient/operation,data/processed/mnar_chain_bootstrap_v32.parquet,parameterized OR-completion sensitivity with sampling interval; multiplier is not asserted clinically plausible
source,source outcome-regression completion propagated through canonical update and target MAR,"OR-completion reference, k=1",False,1.0,0.0,threshold_20_alerts_per_1000,73.057595670661,54.48395825280247,93.1580981832238,1000,retained patient/operation,data/processed/mnar_chain_bootstrap_v32.parquet,parameterized OR-completion sensitivity with sampling interval; multiplier is not asserted clinically plausible
source,source outcome-regression completion propagated through canonical update and target MAR,OR-completion sensitivity,False,1.5,0.4054651081081644,update_alpha,0.1559600867459636,-0.3655178551975091,0.6477242552239306,1000,retained patient/operation,data/processed/mnar_chain_bootstrap_v32.parquet,parameterized OR-completion sensitivity with sampling interval; multiplier is not asserted clinically plausible
source,source outcome-regression completion propagated through canonical update and target MAR,OR-completion sensitivity,False,1.5,0.4054651081081644,update_beta,0.9722084860325404,0.7536746496069172,1.1757037767773035,1000,retained patient/operation,data/processed/mnar_chain_bootstrap_v32.parquet,parameterized OR-completion sensitivity with sampling interval; multiplier is not asserted clinically plausible
source,source outcome-regression completion propagated through canonical update and target MAR,OR-completion sensitivity,False,1.5,0.4054651081081644,target_oe_ratio,0.979534267422856,0.8268834755555282,1.1561998847757249,1000,retained patient/operation,data/processed/mnar_chain_bootstrap_v32.parquet,parameterized OR-completion sensitivity with sampling interval; multiplier is not asserted clinically plausible
source,source outcome-regression completion propagated through canonical update and target MAR,OR-completion sensitivity,False,1.5,0.4054651081081644,target_calibration_slope,0.9389058794875992,0.7086962613284935,1.2181720362239197,1000,retained patient/operation,data/processed/mnar_chain_bootstrap_v32.parquet,parameterized OR-completion sensitivity with sampling interval; multiplier is not asserted clinically plausible
source,source outcome-regression completion propagated through canonical update and target MAR,OR-completion sensitivity,False,1.5,0.4054651081081644,target_auroc,0.6785226922051286,0.6296999446200153,0.7216993350274723,1000,retained patient/operation,data/processed/mnar_chain_bootstrap_v32.parquet,parameterized OR-completion sensitivity with sampling interval; multiplier is not asserted clinically plausible
source,source outcome-regression completion propagated through canonical update and target MAR,OR-completion sensitivity,False,1.5,0.4054651081081644,target_brier,0.0820777935503956,0.0731400711917988,0.0917630284385373,1000,retained patient/operation,data/processed/mnar_chain_bootstrap_v32.parquet,parameterized OR-completion sensitivity with sampling interval; multiplier is not asserted clinically plausible
source,source outcome-regression completion propagated through canonical update and target MAR,OR-completion sensitivity,False,1.5,0.4054651081081644,threshold_5_alerts,2227.0,1809.975,2512.05,1000,retained patient/operation,data/processed/mnar_chain_bootstrap_v32.parquet,parameterized OR-completion sensitivity with sampling interval; multiplier is not asserted clinically plausible
source,source outcome-regression completion propagated through canonical update and target MAR,OR-completion sensitivity,False,1.5,0.4054651081081644,threshold_5_alerts_per_1000,860.8426749130267,699.6424429841514,971.0282180131426,1000,retained patient/operation,data/processed/mnar_chain_bootstrap_v32.parquet,parameterized OR-completion sensitivity with sampling interval; multiplier is not asserted clinically plausible
source,source outcome-regression completion propagated through canonical update and target MAR,OR-completion sensitivity,False,1.5,0.4054651081081644,threshold_10_alerts,703.0,507.95,952.025,1000,retained patient/operation,data/processed/mnar_chain_bootstrap_v32.parquet,parameterized OR-completion sensitivity with sampling interval; multiplier is not asserted clinically plausible
source,source outcome-regression completion propagated through canonical update and target MAR,OR-completion sensitivity,False,1.5,0.4054651081081644,threshold_10_alerts_per_1000,271.7433320448396,196.34712021646695,368.0034789331272,1000,retained patient/operation,data/processed/mnar_chain_bootstrap_v32.parquet,parameterized OR-completion sensitivity with sampling interval; multiplier is not asserted clinically plausible
source,source outcome-regression completion propagated through canonical update and target MAR,OR-completion sensitivity,False,1.5,0.4054651081081644,threshold_20_alerts,184.0,136.0,230.0,1000,retained patient/operation,data/processed/mnar_chain_bootstrap_v32.parquet,parameterized OR-completion sensitivity with sampling interval; multiplier is not asserted clinically plausible
source,source outcome-regression completion propagated through canonical update and target MAR,OR-completion sensitivity,False,1.5,0.4054651081081644,threshold_20_alerts_per_1000,71.12485504445303,52.57054503285659,88.90606880556629,1000,retained patient/operation,data/processed/mnar_chain_bootstrap_v32.parquet,parameterized OR-completion sensitivity with sampling interval; multiplier is not asserted clinically plausible
source,source outcome-regression completion propagated through canonical update and target MAR,OR-completion sensitivity,False,2.0,0.6931471805599453,update_alpha,-0.0905560469332223,-0.4228219902765793,0.5800216176778956,1000,retained patient/operation,data/processed/mnar_chain_bootstrap_v32.parquet,parameterized OR-completion sensitivity with sampling interval; multiplier is not asserted clinically plausible
source,source outcome-regression completion propagated through canonical update and target MAR,OR-completion sensitivity,False,2.0,0.6931471805599453,update_beta,0.896445405760889,0.7577600358058998,1.1888905404888184,1000,retained patient/operation,data/processed/mnar_chain_bootstrap_v32.parquet,parameterized OR-completion sensitivity with sampling interval; multiplier is not asserted clinically plausible
source,source outcome-regression completion propagated through canonical update and target MAR,OR-completion sensitivity,False,2.0,0.6931471805599453,target_oe_ratio,0.9741156381085035,0.8254327611579788,1.1546482449120448,1000,retained patient/operation,data/processed/mnar_chain_bootstrap_v32.parquet,parameterized OR-completion sensitivity with sampling interval; multiplier is not asserted clinically plausible
source,source outcome-regression completion propagated through canonical update and target MAR,OR-completion sensitivity,False,2.0,0.6931471805599453,target_calibration_slope,0.9126569471497944,0.697008001707858,1.216116821092731,1000,retained patient/operation,data/processed/mnar_chain_bootstrap_v32.parquet,parameterized OR-completion sensitivity with sampling interval; multiplier is not asserted clinically plausible
source,source outcome-regression completion propagated through canonical update and target MAR,OR-completion sensitivity,False,2.0,0.6931471805599453,target_auroc,0.6606110505671352,0.6180664036892024,0.7112595449677134,1000,retained patient/operation,data/processed/mnar_chain_bootstrap_v32.parquet,parameterized OR-completion sensitivity with sampling interval; multiplier is not asserted clinically plausible
source,source outcome-regression completion propagated through canonical update and target MAR,OR-completion sensitivity,False,2.0,0.6931471805599453,target_brier,0.0827121512484465,0.0735204081992701,0.0920171959073325,1000,retained patient/operation,data/processed/mnar_chain_bootstrap_v32.parquet,parameterized OR-completion sensitivity with sampling interval; multiplier is not asserted clinically plausible
source,source outcome-regression completion propagated through canonical update and target MAR,OR-completion sensitivity,False,2.0,0.6931471805599453,threshold_5_alerts,2423.0,1883.875,2556.025,1000,retained patient/operation,data/processed/mnar_chain_bootstrap_v32.parquet,parameterized OR-completion sensitivity with sampling interval; multiplier is not asserted clinically plausible
source,source outcome-regression completion propagated through canonical update and target MAR,OR-completion sensitivity,False,2.0,0.6931471805599453,threshold_5_alerts_per_1000,936.6061074603788,728.2083494395052,988.0266718206416,1000,retained patient/operation,data/processed/mnar_chain_bootstrap_v32.parquet,parameterized OR-completion sensitivity with sampling interval; multiplier is not asserted clinically plausible
source,source outcome-regression completion propagated through canonical update and target MAR,OR-completion sensitivity,False,2.0,0.6931471805599453,threshold_10_alerts,639.0,483.0,960.0,1000,retained patient/operation,data/processed/mnar_chain_bootstrap_v32.parquet,parameterized OR-completion sensitivity with sampling interval; multiplier is not asserted clinically plausible
source,source outcome-regression completion propagated through canonical update and target MAR,OR-completion sensitivity,False,2.0,0.6931471805599453,threshold_10_alerts_per_1000,247.00425202937765,186.7027444916892,371.0862002319289,1000,retained patient/operation,data/processed/mnar_chain_bootstrap_v32.parquet,parameterized OR-completion sensitivity with sampling interval; multiplier is not asserted clinically plausible
source,source outcome-regression completion propagated through canonical update and target MAR,OR-completion sensitivity,False,2.0,0.6931471805599453,threshold_20_alerts,168.0,134.975,226.0,1000,retained patient/operation,data/processed/mnar_chain_bootstrap_v32.parquet,parameterized OR-completion sensitivity with sampling interval; multiplier is not asserted clinically plausible
source,source outcome-regression completion propagated through canonical update and target MAR,OR-completion sensitivity,False,2.0,0.6931471805599453,threshold_20_alerts_per_1000,64.94008504058755,52.17433320448396,87.35987630459992,1000,retained patient/operation,data/processed/mnar_chain_bootstrap_v32.parquet,parameterized OR-completion sensitivity with sampling interval; multiplier is not asserted clinically plausible
source,source outcome-regression completion propagated through canonical update and target MAR,OR-completion sensitivity,False,3.0,1.0986122886681098,update_alpha,-0.0132746479295274,-0.5629913611614378,0.455575814581767,1000,retained patient/operation,data/processed/mnar_chain_bootstrap_v32.parquet,parameterized OR-completion sensitivity with sampling interval; multiplier is not asserted clinically plausible
source,source outcome-regression completion propagated through canonical update and target MAR,OR-completion sensitivity,False,3.0,1.0986122886681098,update_beta,0.977660913837478,0.7403764265060404,1.1886923319626972,1000,retained patient/operation,data/processed/mnar_chain_bootstrap_v32.parquet,parameterized OR-completion sensitivity with sampling interval; multiplier is not asserted clinically plausible
source,source outcome-regression completion propagated through canonical update and target MAR,OR-completion sensitivity,False,3.0,1.0986122886681098,target_oe_ratio,0.9756962829368622,0.8263495140363427,1.1512513255498271,1000,retained patient/operation,data/processed/mnar_chain_bootstrap_v32.parquet,parameterized OR-completion sensitivity with sampling interval; multiplier is not asserted clinically plausible
source,source outcome-regression completion propagated through canonical update and target MAR,OR-completion sensitivity,False,3.0,1.0986122886681098,target_calibration_slope,0.9222365976916742,0.6632272046914681,1.2174102216749874,1000,retained patient/operation,data/processed/mnar_chain_bootstrap_v32.parquet,parameterized OR-completion sensitivity with sampling interval; multiplier is not asserted clinically plausible
source,source outcome-regression completion propagated through canonical update and target MAR,OR-completion sensitivity,False,3.0,1.0986122886681098,target_auroc,0.6488946742789027,0.5927133357362404,0.6909878733091267,1000,retained patient/operation,data/processed/mnar_chain_bootstrap_v32.parquet,parameterized OR-completion sensitivity with sampling interval; multiplier is not asserted clinically plausible
source,source outcome-regression completion propagated through canonical update and target MAR,OR-completion sensitivity,False,3.0,1.0986122886681098,target_brier,0.0827995277971579,0.0739733688484349,0.0924725324755979,1000,retained patient/operation,data/processed/mnar_chain_bootstrap_v32.parquet,parameterized OR-completion sensitivity with sampling interval; multiplier is not asserted clinically plausible
source,source outcome-regression completion propagated through canonical update and target MAR,OR-completion sensitivity,False,3.0,1.0986122886681098,threshold_5_alerts,2401.0,2022.85,2587.0,1000,retained patient/operation,data/processed/mnar_chain_bootstrap_v32.parquet,parameterized OR-completion sensitivity with sampling interval; multiplier is not asserted clinically plausible
source,source outcome-regression completion propagated through canonical update and target MAR,OR-completion sensitivity,False,3.0,1.0986122886681098,threshold_5_alerts_per_1000,928.1020487050638,781.9288751449556,1000.0,1000,retained patient/operation,data/processed/mnar_chain_bootstrap_v32.parquet,parameterized OR-completion sensitivity with sampling interval; multiplier is not asserted clinically plausible
source,source outcome-regression completion propagated through canonical update and target MAR,OR-completion sensitivity,False,3.0,1.0986122886681098,threshold_10_alerts,655.0,463.875,1005.05,1000,retained patient/operation,data/processed/mnar_chain_bootstrap_v32.parquet,parameterized OR-completion sensitivity with sampling interval; multiplier is not asserted clinically plausible
source,source outcome-regression completion propagated through canonical update and target MAR,OR-completion sensitivity,False,3.0,1.0986122886681098,threshold_10_alerts_per_1000,253.18902203324313,179.31001159644376,388.5001932740626,1000,retained patient/operation,data/processed/mnar_chain_bootstrap_v32.parquet,parameterized OR-completion sensitivity with sampling interval; multiplier is not asserted clinically plausible
source,source outcome-regression completion propagated through canonical update and target MAR,OR-completion sensitivity,False,3.0,1.0986122886681098,threshold_20_alerts,178.0,123.975,216.0,1000,retained patient/operation,data/processed/mnar_chain_bootstrap_v32.parquet,parameterized OR-completion sensitivity with sampling interval; multiplier is not asserted clinically plausible
source,source outcome-regression completion propagated through canonical update and target MAR,OR-completion sensitivity,False,3.0,1.0986122886681098,threshold_20_alerts_per_1000,68.80556629300348,47.92230382682644,83.494395052184,1000,retained patient/operation,data/processed/mnar_chain_bootstrap_v32.parquet,parameterized OR-completion sensitivity with sampling interval; multiplier is not asserted clinically plausible
update,update outcome-regression completion propagated to canonical target MAR,OR-completion sensitivity,False,0.5,-0.6931471805599453,update_alpha,0.0372722595091256,-0.3937524452465665,0.4938239081510284,1000,retained patient/operation,data/processed/mnar_chain_bootstrap_v32.parquet,parameterized OR-completion sensitivity with sampling interval; multiplier is not asserted clinically plausible
update,update outcome-regression completion propagated to canonical target MAR,OR-completion sensitivity,False,0.5,-0.6931471805599453,update_beta,0.8973341590850836,0.7258167420523636,1.080975465856369,1000,retained patient/operation,data/processed/mnar_chain_bootstrap_v32.parquet,parameterized OR-completion sensitivity with sampling interval; multiplier is not asserted clinically plausible
update,update outcome-regression completion propagated to canonical target MAR,OR-completion sensitivity,False,0.5,-0.6931471805599453,target_oe_ratio,1.027912019233884,0.8716138833414906,1.212803986481838,1000,retained patient/operation,data/processed/mnar_chain_bootstrap_v32.parquet,parameterized OR-completion sensitivity with sampling interval; multiplier is not asserted clinically plausible
update,update outcome-regression completion propagated to canonical target MAR,OR-completion sensitivity,False,0.5,-0.6931471805599453,target_calibration_slope,0.9505070347589256,0.7318517260871995,1.234637624734451,1000,retained patient/operation,data/processed/mnar_chain_bootstrap_v32.parquet,parameterized OR-completion sensitivity with sampling interval; multiplier is not asserted clinically plausible
update,update outcome-regression completion propagated to canonical target MAR,OR-completion sensitivity,False,0.5,-0.6931471805599453,target_auroc,0.6875661834325857,0.6449519158345157,0.7343424202792888,1000,retained patient/operation,data/processed/mnar_chain_bootstrap_v32.parquet,parameterized OR-completion sensitivity with sampling interval; multiplier is not asserted clinically plausible
update,update outcome-regression completion propagated to canonical target MAR,OR-completion sensitivity,False,0.5,-0.6931471805599453,target_brier,0.081753916018902,0.0728242970676634,0.0914578042010271,1000,retained patient/operation,data/processed/mnar_chain_bootstrap_v32.parquet,parameterized OR-completion sensitivity with sampling interval; multiplier is not asserted clinically plausible
update,update outcome-regression completion propagated to canonical target MAR,OR-completion sensitivity,False,0.5,-0.6931471805599453,threshold_5_alerts,1997.0,1624.95,2336.0,1000,retained patient/operation,data/processed/mnar_chain_bootstrap_v32.parquet,parameterized OR-completion sensitivity with sampling interval; multiplier is not asserted clinically plausible
update,update outcome-regression completion propagated to canonical target MAR,OR-completion sensitivity,False,0.5,-0.6931471805599453,threshold_5_alerts_per_1000,771.9366061074604,628.1213761113258,902.9764205643604,1000,retained patient/operation,data/processed/mnar_chain_bootstrap_v32.parquet,parameterized OR-completion sensitivity with sampling interval; multiplier is not asserted clinically plausible
update,update outcome-regression completion propagated to canonical target MAR,OR-completion sensitivity,False,0.5,-0.6931471805599453,threshold_10_alerts,692.0,523.975,878.2499999999998,1000,retained patient/operation,data/processed/mnar_chain_bootstrap_v32.parquet,parameterized OR-completion sensitivity with sampling interval; multiplier is not asserted clinically plausible
update,update outcome-regression completion propagated to canonical target MAR,OR-completion sensitivity,False,0.5,-0.6931471805599453,threshold_10_alerts_per_1000,267.4913026671821,202.54155392346348,339.4858909934286,1000,retained patient/operation,data/processed/mnar_chain_bootstrap_v32.parquet,parameterized OR-completion sensitivity with sampling interval; multiplier is not asserted clinically plausible
update,update outcome-regression completion propagated to canonical target MAR,OR-completion sensitivity,False,0.5,-0.6931471805599453,threshold_20_alerts,181.0,133.0,231.0,1000,retained patient/operation,data/processed/mnar_chain_bootstrap_v32.parquet,parameterized OR-completion sensitivity with sampling interval; multiplier is not asserted clinically plausible
update,update outcome-regression completion propagated to canonical target MAR,OR-completion sensitivity,False,0.5,-0.6931471805599453,threshold_20_alerts_per_1000,69.96521066872826,51.41090065713181,89.29261693080788,1000,retained patient/operation,data/processed/mnar_chain_bootstrap_v32.parquet,parameterized OR-completion sensitivity with sampling interval; multiplier is not asserted clinically plausible
update,update outcome-regression completion propagated to canonical target MAR,OR-completion sensitivity,False,0.6666666667,-0.4054651080581644,update_alpha,0.0352583607698881,-0.3932706010019276,0.4896025634738303,1000,retained patient/operation,data/processed/mnar_chain_bootstrap_v32.parquet,parameterized OR-completion sensitivity with sampling interval; multiplier is not asserted clinically plausible
update,update outcome-regression completion propagated to canonical target MAR,OR-completion sensitivity,False,0.6666666667,-0.4054651080581644,update_beta,0.8847215045143811,0.7135780828427285,1.0686967027257734,1000,retained patient/operation,data/processed/mnar_chain_bootstrap_v32.parquet,parameterized OR-completion sensitivity with sampling interval; multiplier is not asserted clinically plausible
update,update outcome-regression completion propagated to canonical target MAR,OR-completion sensitivity,False,0.6666666667,-0.4054651080581644,target_oe_ratio,1.0041292396544184,0.8512505086401718,1.1874646780295866,1000,retained patient/operation,data/processed/mnar_chain_bootstrap_v32.parquet,parameterized OR-completion sensitivity with sampling interval; multiplier is not asserted clinically plausible
update,update outcome-regression completion propagated to canonical target MAR,OR-completion sensitivity,False,0.6666666667,-0.4054651080581644,target_calibration_slope,0.9640575326673234,0.7401166818529847,1.257836535520432,1000,retained patient/operation,data/processed/mnar_chain_bootstrap_v32.parquet,parameterized OR-completion sensitivity with sampling interval; multiplier is not asserted clinically plausible
update,update outcome-regression completion propagated to canonical target MAR,OR-completion sensitivity,False,0.6666666667,-0.4054651080581644,target_auroc,0.6875661834325857,0.6449519158345157,0.7343424202792888,1000,retained patient/operation,data/processed/mnar_chain_bootstrap_v32.parquet,parameterized OR-completion sensitivity with sampling interval; multiplier is not asserted clinically plausible
update,update outcome-regression completion propagated to canonical target MAR,OR-completion sensitivity,False,0.6666666667,-0.4054651080581644,target_brier,0.0817389814174472,0.0727955133356,0.0914243414501485,1000,retained patient/operation,data/processed/mnar_chain_bootstrap_v32.parquet,parameterized OR-completion sensitivity with sampling interval; multiplier is not asserted clinically plausible
update,update outcome-regression completion propagated to canonical target MAR,OR-completion sensitivity,False,0.6666666667,-0.4054651080581644,threshold_5_alerts,2062.0,1688.925,2388.05,1000,retained patient/operation,data/processed/mnar_chain_bootstrap_v32.parquet,parameterized OR-completion sensitivity with sampling interval; multiplier is not asserted clinically plausible
update,update outcome-regression completion propagated to canonical target MAR,OR-completion sensitivity,False,0.6666666667,-0.4054651080581644,threshold_5_alerts_per_1000,797.0622342481639,652.8507924236567,923.0962504831851,1000,retained patient/operation,data/processed/mnar_chain_bootstrap_v32.parquet,parameterized OR-completion sensitivity with sampling interval; multiplier is not asserted clinically plausible
update,update outcome-regression completion propagated to canonical target MAR,OR-completion sensitivity,False,0.6666666667,-0.4054651080581644,threshold_10_alerts,728.0,554.975,932.125,1000,retained patient/operation,data/processed/mnar_chain_bootstrap_v32.parquet,parameterized OR-completion sensitivity with sampling interval; multiplier is not asserted clinically plausible
update,update outcome-regression completion propagated to canonical target MAR,OR-completion sensitivity,False,0.6666666667,-0.4054651080581644,threshold_10_alerts_per_1000,281.4070351758794,214.52454580595284,360.3111712408195,1000,retained patient/operation,data/processed/mnar_chain_bootstrap_v32.parquet,parameterized OR-completion sensitivity with sampling interval; multiplier is not asserted clinically plausible
update,update outcome-regression completion propagated to canonical target MAR,OR-completion sensitivity,False,0.6666666667,-0.4054651080581644,threshold_20_alerts,183.0,134.975,235.025,1000,retained patient/operation,data/processed/mnar_chain_bootstrap_v32.parquet,parameterized OR-completion sensitivity with sampling interval; multiplier is not asserted clinically plausible
update,update outcome-regression completion propagated to canonical target MAR,OR-completion sensitivity,False,0.6666666667,-0.4054651080581644,threshold_20_alerts_per_1000,70.73830691921144,52.17433320448396,90.84847313490528,1000,retained patient/operation,data/processed/mnar_chain_bootstrap_v32.parquet,parameterized OR-completion sensitivity with sampling interval; multiplier is not asserted clinically plausible
update,update outcome-regression completion propagated to canonical target MAR,"OR-completion reference, k=1",False,1.0,0.0,update_alpha,0.0258603692441445,-0.4015378379321215,0.4706406989732907,1000,retained patient/operation,data/processed/mnar_chain_bootstrap_v32.parquet,parameterized OR-completion sensitivity with sampling interval; multiplier is not asserted clinically plausible
update,update outcome-regression completion propagated to canonical target MAR,"OR-completion reference, k=1",False,1.0,0.0,update_beta,0.859627517190623,0.6933255988293059,1.038879946302594,1000,retained patient/operation,data/processed/mnar_chain_bootstrap_v32.parquet,parameterized OR-completion sensitivity with sampling interval; multiplier is not asserted clinically plausible
update,update outcome-regression completion propagated to canonical target MAR,"OR-completion reference, k=1",False,1.0,0.0,target_oe_ratio,0.9625345252897765,0.8174586017659328,1.1357694187388667,1000,retained patient/operation,data/processed/mnar_chain_bootstrap_v32.parquet,parameterized OR-completion sensitivity with sampling interval; multiplier is not asserted clinically plausible
update,update outcome-regression completion propagated to canonical target MAR,"OR-completion reference, k=1",False,1.0,0.0,target_calibration_slope,0.9922000095196118,0.7581548408711686,1.3071060517670012,1000,retained patient/operation,data/processed/mnar_chain_bootstrap_v32.parquet,parameterized OR-completion sensitivity with sampling interval; multiplier is not asserted clinically plausible
update,update outcome-regression completion propagated to canonical target MAR,"OR-completion reference, k=1",False,1.0,0.0,target_auroc,0.6875661834325857,0.6449519158345157,0.7343424202792888,1000,retained patient/operation,data/processed/mnar_chain_bootstrap_v32.parquet,parameterized OR-completion sensitivity with sampling interval; multiplier is not asserted clinically plausible
update,update outcome-regression completion propagated to canonical target MAR,"OR-completion reference, k=1",False,1.0,0.0,target_brier,0.0817378068298232,0.0727636181271437,0.0913747004183105,1000,retained patient/operation,data/processed/mnar_chain_bootstrap_v32.parquet,parameterized OR-completion sensitivity with sampling interval; multiplier is not asserted clinically plausible
update,update outcome-regression completion propagated to canonical target MAR,"OR-completion reference, k=1",False,1.0,0.0,threshold_5_alerts,2189.0,1799.975,2462.05,1000,retained patient/operation,data/processed/mnar_chain_bootstrap_v32.parquet,parameterized OR-completion sensitivity with sampling interval; multiplier is not asserted clinically plausible
update,update outcome-regression completion propagated to canonical target MAR,"OR-completion reference, k=1",False,1.0,0.0,threshold_5_alerts_per_1000,846.1538461538462,695.7769617317356,951.7008117510628,1000,retained patient/operation,data/processed/mnar_chain_bootstrap_v32.parquet,parameterized OR-completion sensitivity with sampling interval; multiplier is not asserted clinically plausible
update,update outcome-regression completion propagated to canonical target MAR,"OR-completion reference, k=1",False,1.0,0.0,threshold_10_alerts,798.0,617.95,1048.0,1000,retained patient/operation,data/processed/mnar_chain_bootstrap_v32.parquet,parameterized OR-completion sensitivity with sampling interval; multiplier is not asserted clinically plausible
update,update outcome-regression completion propagated to canonical target MAR,"OR-completion reference, k=1",False,1.0,0.0,threshold_10_alerts_per_1000,308.4654039427909,238.8674139930421,405.102435253189,1000,retained patient/operation,data/processed/mnar_chain_bootstrap_v32.parquet,parameterized OR-completion sensitivity with sampling interval; multiplier is not asserted clinically plausible
update,update outcome-regression completion propagated to canonical target MAR,"OR-completion reference, k=1",False,1.0,0.0,threshold_20_alerts,190.0,139.975,248.0,1000,retained patient/operation,data/processed/mnar_chain_bootstrap_v32.parquet,parameterized OR-completion sensitivity with sampling interval; multiplier is not asserted clinically plausible
update,update outcome-regression completion propagated to canonical target MAR,"OR-completion reference, k=1",False,1.0,0.0,threshold_20_alerts_per_1000,73.44414379590259,54.10707383069192,95.86393505991497,1000,retained patient/operation,data/processed/mnar_chain_bootstrap_v32.parquet,parameterized OR-completion sensitivity with sampling interval; multiplier is not asserted clinically plausible
update,update outcome-regression completion propagated to canonical target MAR,OR-completion sensitivity,False,1.5,0.4054651081081644,update_alpha,0.0048413257573711,-0.4315278094207874,0.4354801014709979,1000,retained patient/operation,data/processed/mnar_chain_bootstrap_v32.parquet,parameterized OR-completion sensitivity with sampling interval; multiplier is not asserted clinically plausible
update,update outcome-regression completion propagated to canonical target MAR,OR-completion sensitivity,False,1.5,0.4054651081081644,update_beta,0.8235912663236199,0.6557041977811949,0.9981190386933668,1000,retained patient/operation,data/processed/mnar_chain_bootstrap_v32.parquet,parameterized OR-completion sensitivity with sampling interval; multiplier is not asserted clinically plausible
update,update outcome-regression completion propagated to canonical target MAR,OR-completion sensitivity,False,1.5,0.4054651081081644,target_oe_ratio,0.9109926469153232,0.7770227963788915,1.0717226290113264,1000,retained patient/operation,data/processed/mnar_chain_bootstrap_v32.parquet,parameterized OR-completion sensitivity with sampling interval; multiplier is not asserted clinically plausible
update,update outcome-regression completion propagated to canonical target MAR,OR-completion sensitivity,False,1.5,0.4054651081081644,target_calibration_slope,1.0356137390178584,0.7858485044975659,1.3838798185217822,1000,retained patient/operation,data/processed/mnar_chain_bootstrap_v32.parquet,parameterized OR-completion sensitivity with sampling interval; multiplier is not asserted clinically plausible
update,update outcome-regression completion propagated to canonical target MAR,OR-completion sensitivity,False,1.5,0.4054651081081644,target_auroc,0.6875661834325857,0.6449519158345157,0.7343424202792888,1000,retained patient/operation,data/processed/mnar_chain_bootstrap_v32.parquet,parameterized OR-completion sensitivity with sampling interval; multiplier is not asserted clinically plausible
update,update outcome-regression completion propagated to canonical target MAR,OR-completion sensitivity,False,1.5,0.4054651081081644,target_brier,0.081794864409824,0.0729936865648018,0.0912670973546511,1000,retained patient/operation,data/processed/mnar_chain_bootstrap_v32.parquet,parameterized OR-completion sensitivity with sampling interval; multiplier is not asserted clinically plausible
update,update outcome-regression completion propagated to canonical target MAR,OR-completion sensitivity,False,1.5,0.4054651081081644,threshold_5_alerts,2336.0,1959.95,2530.0,1000,retained patient/operation,data/processed/mnar_chain_bootstrap_v32.parquet,parameterized OR-completion sensitivity with sampling interval; multiplier is not asserted clinically plausible
update,update outcome-regression completion propagated to canonical target MAR,OR-completion sensitivity,False,1.5,0.4054651081081644,threshold_5_alerts_per_1000,902.9764205643604,757.6149980672594,977.9667568612292,1000,retained patient/operation,data/processed/mnar_chain_bootstrap_v32.parquet,parameterized OR-completion sensitivity with sampling interval; multiplier is not asserted clinically plausible
update,update outcome-regression completion propagated to canonical target MAR,OR-completion sensitivity,False,1.5,0.4054651081081644,threshold_10_alerts,918.0,699.9,1228.05,1000,retained patient/operation,data/processed/mnar_chain_bootstrap_v32.parquet,parameterized OR-completion sensitivity with sampling interval; multiplier is not asserted clinically plausible
update,update outcome-regression completion propagated to canonical target MAR,OR-completion sensitivity,False,1.5,0.4054651081081644,threshold_10_alerts_per_1000,354.85117897178196,270.54503285659064,474.7004252029377,1000,retained patient/operation,data/processed/mnar_chain_bootstrap_v32.parquet,parameterized OR-completion sensitivity with sampling interval; multiplier is not asserted clinically plausible
update,update outcome-regression completion propagated to canonical target MAR,OR-completion sensitivity,False,1.5,0.4054651081081644,threshold_20_alerts,204.0,146.975,264.0,1000,retained patient/operation,data/processed/mnar_chain_bootstrap_v32.parquet,parameterized OR-completion sensitivity with sampling interval; multiplier is not asserted clinically plausible
update,update outcome-regression completion propagated to canonical target MAR,OR-completion sensitivity,False,1.5,0.4054651081081644,threshold_20_alerts_per_1000,78.85581754928488,56.81291070738307,102.04870506378045,1000,retained patient/operation,data/processed/mnar_chain_bootstrap_v32.parquet,parameterized OR-completion sensitivity with sampling interval; multiplier is not asserted clinically plausible
update,update outcome-regression completion propagated to canonical target MAR,OR-completion sensitivity,False,2.0,0.6931471805599453,update_alpha,-0.019567712549536,-0.4609035292055446,0.3983986920977894,1000,retained patient/operation,data/processed/mnar_chain_bootstrap_v32.parquet,parameterized OR-completion sensitivity with sampling interval; multiplier is not asserted clinically plausible
update,update outcome-regression completion propagated to canonical target MAR,OR-completion sensitivity,False,2.0,0.6931471805599453,update_beta,0.7901289768951838,0.6216709867200418,0.962989855001591,1000,retained patient/operation,data/processed/mnar_chain_bootstrap_v32.parquet,parameterized OR-completion sensitivity with sampling interval; multiplier is not asserted clinically plausible
update,update outcome-regression completion propagated to canonical target MAR,OR-completion sensitivity,False,2.0,0.6931471805599453,target_oe_ratio,0.8686415641336899,0.736843293586897,1.0210171009336362,1000,retained patient/operation,data/processed/mnar_chain_bootstrap_v32.parquet,parameterized OR-completion sensitivity with sampling interval; multiplier is not asserted clinically plausible
update,update outcome-regression completion propagated to canonical target MAR,OR-completion sensitivity,False,2.0,0.6931471805599453,target_calibration_slope,1.079472409797474,0.8178747804792265,1.4587027047506484,1000,retained patient/operation,data/processed/mnar_chain_bootstrap_v32.parquet,parameterized OR-completion sensitivity with sampling interval; multiplier is not asserted clinically plausible
update,update outcome-regression completion propagated to canonical target MAR,OR-completion sensitivity,False,2.0,0.6931471805599453,target_auroc,0.6875661834325857,0.6449519158345157,0.7343424202792888,1000,retained patient/operation,data/processed/mnar_chain_bootstrap_v32.parquet,parameterized OR-completion sensitivity with sampling interval; multiplier is not asserted clinically plausible
update,update outcome-regression completion propagated to canonical target MAR,OR-completion sensitivity,False,2.0,0.6931471805599453,target_brier,0.0819080881835987,0.0731183309372965,0.0913179153999571,1000,retained patient/operation,data/processed/mnar_chain_bootstrap_v32.parquet,parameterized OR-completion sensitivity with sampling interval; multiplier is not asserted clinically plausible
update,update outcome-regression completion propagated to canonical target MAR,OR-completion sensitivity,False,2.0,0.6931471805599453,threshold_5_alerts,2413.0,2094.975,2572.025,1000,retained patient/operation,data/processed/mnar_chain_bootstrap_v32.parquet,parameterized OR-completion sensitivity with sampling interval; multiplier is not asserted clinically plausible
update,update outcome-regression completion propagated to canonical target MAR,OR-completion sensitivity,False,2.0,0.6931471805599453,threshold_5_alerts_per_1000,932.7406262079628,809.8086586780054,994.2114418245072,1000,retained patient/operation,data/processed/mnar_chain_bootstrap_v32.parquet,parameterized OR-completion sensitivity with sampling interval; multiplier is not asserted clinically plausible
update,update outcome-regression completion propagated to canonical target MAR,OR-completion sensitivity,False,2.0,0.6931471805599453,threshold_10_alerts,1063.0,777.9,1379.1,1000,retained patient/operation,data/processed/mnar_chain_bootstrap_v32.parquet,parameterized OR-completion sensitivity with sampling interval; multiplier is not asserted clinically plausible
update,update outcome-regression completion propagated to canonical target MAR,OR-completion sensitivity,False,2.0,0.6931471805599453,threshold_10_alerts_per_1000,410.9006571318129,300.6957866254349,533.0885195206803,1000,retained patient/operation,data/processed/mnar_chain_bootstrap_v32.parquet,parameterized OR-completion sensitivity with sampling interval; multiplier is not asserted clinically plausible
update,update outcome-regression completion propagated to canonical target MAR,OR-completion sensitivity,False,2.0,0.6931471805599453,threshold_20_alerts,216.0,151.95,278.025,1000,retained patient/operation,data/processed/mnar_chain_bootstrap_v32.parquet,parameterized OR-completion sensitivity with sampling interval; multiplier is not asserted clinically plausible
update,update outcome-regression completion propagated to canonical target MAR,OR-completion sensitivity,False,2.0,0.6931471805599453,threshold_20_alerts_per_1000,83.494395052184,58.735987630459995,107.47004252029376,1000,retained patient/operation,data/processed/mnar_chain_bootstrap_v32.parquet,parameterized OR-completion sensitivity with sampling interval; multiplier is not asserted clinically plausible
update,update outcome-regression completion propagated to canonical target MAR,OR-completion sensitivity,False,3.0,1.0986122886681098,update_alpha,-0.0700837302213618,-0.5027706148044019,0.3340116809841394,1000,retained patient/operation,data/processed/mnar_chain_bootstrap_v32.parquet,parameterized OR-completion sensitivity with sampling interval; multiplier is not asserted clinically plausible
update,update outcome-regression completion propagated to canonical target MAR,OR-completion sensitivity,False,3.0,1.0986122886681098,update_beta,0.7308730414902708,0.560979558758046,0.9011000173229484,1000,retained patient/operation,data/processed/mnar_chain_bootstrap_v32.parquet,parameterized OR-completion sensitivity with sampling interval; multiplier is not asserted clinically plausible
update,update outcome-regression completion propagated to canonical target MAR,OR-completion sensitivity,False,3.0,1.0986122886681098,target_oe_ratio,0.8022452845211957,0.6829141118338896,0.9457933960782852,1000,retained patient/operation,data/processed/mnar_chain_bootstrap_v32.parquet,parameterized OR-completion sensitivity with sampling interval; multiplier is not asserted clinically plausible
update,update outcome-regression completion propagated to canonical target MAR,OR-completion sensitivity,False,3.0,1.0986122886681098,target_calibration_slope,1.16699123147397,0.8755463676026086,1.6117151087270911,1000,retained patient/operation,data/processed/mnar_chain_bootstrap_v32.parquet,parameterized OR-completion sensitivity with sampling interval; multiplier is not asserted clinically plausible
update,update outcome-regression completion propagated to canonical target MAR,OR-completion sensitivity,False,3.0,1.0986122886681098,target_auroc,0.6875661834325857,0.6449519158345157,0.7343424202792888,1000,retained patient/operation,data/processed/mnar_chain_bootstrap_v32.parquet,parameterized OR-completion sensitivity with sampling interval; multiplier is not asserted clinically plausible
update,update outcome-regression completion propagated to canonical target MAR,OR-completion sensitivity,False,3.0,1.0986122886681098,target_brier,0.0822592358555232,0.0735398731810213,0.091702488330007,1000,retained patient/operation,data/processed/mnar_chain_bootstrap_v32.parquet,parameterized OR-completion sensitivity with sampling interval; multiplier is not asserted clinically plausible
update,update outcome-regression completion propagated to canonical target MAR,OR-completion sensitivity,False,3.0,1.0986122886681098,threshold_5_alerts,2531.0,2313.0,2587.0,1000,retained patient/operation,data/processed/mnar_chain_bootstrap_v32.parquet,parameterized OR-completion sensitivity with sampling interval; multiplier is not asserted clinically plausible
update,update outcome-regression completion propagated to canonical target MAR,OR-completion sensitivity,False,3.0,1.0986122886681098,threshold_5_alerts_per_1000,978.3533049864708,894.0858136838036,1000.0,1000,retained patient/operation,data/processed/mnar_chain_bootstrap_v32.parquet,parameterized OR-completion sensitivity with sampling interval; multiplier is not asserted clinically plausible
update,update outcome-regression completion propagated to canonical target MAR,OR-completion sensitivity,False,3.0,1.0986122886681098,threshold_10_alerts,1302.0,948.0,1734.0749999999998,1000,retained patient/operation,data/processed/mnar_chain_bootstrap_v32.parquet,parameterized OR-completion sensitivity with sampling interval; multiplier is not asserted clinically plausible
update,update outcome-regression completion propagated to canonical target MAR,OR-completion sensitivity,False,3.0,1.0986122886681098,threshold_10_alerts_per_1000,503.2856590645536,366.4476227290298,670.3034402783146,1000,retained patient/operation,data/processed/mnar_chain_bootstrap_v32.parquet,parameterized OR-completion sensitivity with sampling interval; multiplier is not asserted clinically plausible
update,update outcome-regression completion propagated to canonical target MAR,OR-completion sensitivity,False,3.0,1.0986122886681098,threshold_20_alerts,235.0,164.975,313.025,1000,retained patient/operation,data/processed/mnar_chain_bootstrap_v32.parquet,parameterized OR-completion sensitivity with sampling interval; multiplier is not asserted clinically plausible
update,update outcome-regression completion propagated to canonical target MAR,OR-completion sensitivity,False,3.0,1.0986122886681098,threshold_20_alerts_per_1000,90.83880943177424,63.770776961731734,120.9992269037495,1000,retained patient/operation,data/processed/mnar_chain_bootstrap_v32.parquet,parameterized OR-completion sensitivity with sampling interval; multiplier is not asserted clinically plausible
target,target outcome-regression completion,OR-completion sensitivity,False,0.5,-0.6931471805599453,update_alpha,0.0884660934907852,-0.3412095790108758,0.5562675827545195,1000,retained patient/operation,data/processed/mnar_chain_bootstrap_v32.parquet,parameterized OR-completion sensitivity with sampling interval; multiplier is not asserted clinically plausible
target,target outcome-regression completion,OR-completion sensitivity,False,0.5,-0.6931471805599453,update_beta,0.8963305835406209,0.729612838765128,1.087498644889285,1000,retained patient/operation,data/processed/mnar_chain_bootstrap_v32.parquet,parameterized OR-completion sensitivity with sampling interval; multiplier is not asserted clinically plausible
target,target outcome-regression completion,OR-completion sensitivity,False,0.5,-0.6931471805599453,target_oe_ratio,0.9445589422859658,0.8053463600505829,1.119037230707054,1000,retained patient/operation,data/processed/mnar_chain_bootstrap_v32.parquet,parameterized OR-completion sensitivity with sampling interval; multiplier is not asserted clinically plausible
target,target outcome-regression completion,OR-completion sensitivity,False,0.5,-0.6931471805599453,target_calibration_slope,0.9740922770379468,0.74884976953394,1.2533250374440008,1000,retained patient/operation,data/processed/mnar_chain_bootstrap_v32.parquet,parameterized OR-completion sensitivity with sampling interval; multiplier is not asserted clinically plausible
target,target outcome-regression completion,OR-completion sensitivity,False,0.5,-0.6931471805599453,target_auroc,0.6917767958371501,0.6491306356729587,0.7365161356305074,1000,retained patient/operation,data/processed/mnar_chain_bootstrap_v32.parquet,parameterized OR-completion sensitivity with sampling interval; multiplier is not asserted clinically plausible
target,target outcome-regression completion,OR-completion sensitivity,False,0.5,-0.6931471805599453,target_brier,0.0789695102580877,0.0706882920031265,0.088065689033834,1000,retained patient/operation,data/processed/mnar_chain_bootstrap_v32.parquet,parameterized OR-completion sensitivity with sampling interval; multiplier is not asserted clinically plausible
target,target outcome-regression completion,OR-completion sensitivity,False,0.5,-0.6931471805599453,threshold_5_alerts,2087.0,1695.85,2403.9999999999995,1000,retained patient/operation,data/processed/mnar_chain_bootstrap_v32.parquet,parameterized OR-completion sensitivity with sampling interval; multiplier is not asserted clinically plausible
target,target outcome-regression completion,OR-completion sensitivity,False,0.5,-0.6931471805599453,threshold_5_alerts_per_1000,806.7259373792037,655.5276381909548,929.2616930807884,1000,retained patient/operation,data/processed/mnar_chain_bootstrap_v32.parquet,parameterized OR-completion sensitivity with sampling interval; multiplier is not asserted clinically plausible
target,target outcome-regression completion,OR-completion sensitivity,False,0.5,-0.6931471805599453,threshold_10_alerts,768.0,580.975,978.05,1000,retained patient/operation,data/processed/mnar_chain_bootstrap_v32.parquet,parameterized OR-completion sensitivity with sampling interval; multiplier is not asserted clinically plausible
target,target outcome-regression completion,OR-completion sensitivity,False,0.5,-0.6931471805599453,threshold_10_alerts_per_1000,296.8689601855431,224.57479706223424,378.0633938925397,1000,retained patient/operation,data/processed/mnar_chain_bootstrap_v32.parquet,parameterized OR-completion sensitivity with sampling interval; multiplier is not asserted clinically plausible
target,target outcome-regression completion,OR-completion sensitivity,False,0.5,-0.6931471805599453,threshold_20_alerts,191.00000000000003,140.0,248.025,1000,retained patient/operation,data/processed/mnar_chain_bootstrap_v32.parquet,parameterized OR-completion sensitivity with sampling interval; multiplier is not asserted clinically plausible
target,target outcome-regression completion,OR-completion sensitivity,False,0.5,-0.6931471805599453,threshold_20_alerts_per_1000,73.8306919211442,54.11673753382296,95.873598763046,1000,retained patient/operation,data/processed/mnar_chain_bootstrap_v32.parquet,parameterized OR-completion sensitivity with sampling interval; multiplier is not asserted clinically plausible
target,target outcome-regression completion,OR-completion sensitivity,False,0.6666666667,-0.4054651080581644,update_alpha,0.0884660934907852,-0.3412095790108758,0.5562675827545195,1000,retained patient/operation,data/processed/mnar_chain_bootstrap_v32.parquet,parameterized OR-completion sensitivity with sampling interval; multiplier is not asserted clinically plausible
target,target outcome-regression completion,OR-completion sensitivity,False,0.6666666667,-0.4054651080581644,update_beta,0.8963305835406209,0.729612838765128,1.087498644889285,1000,retained patient/operation,data/processed/mnar_chain_bootstrap_v32.parquet,parameterized OR-completion sensitivity with sampling interval; multiplier is not asserted clinically plausible
target,target outcome-regression completion,OR-completion sensitivity,False,0.6666666667,-0.4054651080581644,target_oe_ratio,0.9634544261067274,0.820489881659758,1.1399939182825405,1000,retained patient/operation,data/processed/mnar_chain_bootstrap_v32.parquet,parameterized OR-completion sensitivity with sampling interval; multiplier is not asserted clinically plausible
target,target outcome-regression completion,OR-completion sensitivity,False,0.6666666667,-0.4054651080581644,target_calibration_slope,0.961916132563656,0.7371421763927218,1.235692892578503,1000,retained patient/operation,data/processed/mnar_chain_bootstrap_v32.parquet,parameterized OR-completion sensitivity with sampling interval; multiplier is not asserted clinically plausible
target,target outcome-regression completion,OR-completion sensitivity,False,0.6666666667,-0.4054651080581644,target_auroc,0.6883237495235747,0.645859602556747,0.7330052081242073,1000,retained patient/operation,data/processed/mnar_chain_bootstrap_v32.parquet,parameterized OR-completion sensitivity with sampling interval; multiplier is not asserted clinically plausible
target,target outcome-regression completion,OR-completion sensitivity,False,0.6666666667,-0.4054651080581644,target_brier,0.0804441276093798,0.0719310900838852,0.0896848807250509,1000,retained patient/operation,data/processed/mnar_chain_bootstrap_v32.parquet,parameterized OR-completion sensitivity with sampling interval; multiplier is not asserted clinically plausible
target,target outcome-regression completion,OR-completion sensitivity,False,0.6666666667,-0.4054651080581644,threshold_5_alerts,2087.0,1695.85,2403.9999999999995,1000,retained patient/operation,data/processed/mnar_chain_bootstrap_v32.parquet,parameterized OR-completion sensitivity with sampling interval; multiplier is not asserted clinically plausible
target,target outcome-regression completion,OR-completion sensitivity,False,0.6666666667,-0.4054651080581644,threshold_5_alerts_per_1000,806.7259373792037,655.5276381909548,929.2616930807884,1000,retained patient/operation,data/processed/mnar_chain_bootstrap_v32.parquet,parameterized OR-completion sensitivity with sampling interval; multiplier is not asserted clinically plausible
target,target outcome-regression completion,OR-completion sensitivity,False,0.6666666667,-0.4054651080581644,threshold_10_alerts,768.0,580.975,978.05,1000,retained patient/operation,data/processed/mnar_chain_bootstrap_v32.parquet,parameterized OR-completion sensitivity with sampling interval; multiplier is not asserted clinically plausible
target,target outcome-regression completion,OR-completion sensitivity,False,0.6666666667,-0.4054651080581644,threshold_10_alerts_per_1000,296.8689601855431,224.57479706223424,378.0633938925396,1000,retained patient/operation,data/processed/mnar_chain_bootstrap_v32.parquet,parameterized OR-completion sensitivity with sampling interval; multiplier is not asserted clinically plausible
target,target outcome-regression completion,OR-completion sensitivity,False,0.6666666667,-0.4054651080581644,threshold_20_alerts,191.0,140.0,248.025,1000,retained patient/operation,data/processed/mnar_chain_bootstrap_v32.parquet,parameterized OR-completion sensitivity with sampling interval; multiplier is not asserted clinically plausible
target,target outcome-regression completion,OR-completion sensitivity,False,0.6666666667,-0.4054651080581644,threshold_20_alerts_per_1000,73.83069192114418,54.11673753382296,95.873598763046,1000,retained patient/operation,data/processed/mnar_chain_bootstrap_v32.parquet,parameterized OR-completion sensitivity with sampling interval; multiplier is not asserted clinically plausible
target,target outcome-regression completion,"OR-completion reference, k=1",False,1.0,0.0,update_alpha,0.0884660934907852,-0.3412095790108758,0.5562675827545195,1000,retained patient/operation,data/processed/mnar_chain_bootstrap_v32.parquet,parameterized OR-completion sensitivity with sampling interval; multiplier is not asserted clinically plausible
target,target outcome-regression completion,"OR-completion reference, k=1",False,1.0,0.0,update_beta,0.8963305835406209,0.729612838765128,1.087498644889285,1000,retained patient/operation,data/processed/mnar_chain_bootstrap_v32.parquet,parameterized OR-completion sensitivity with sampling interval; multiplier is not asserted clinically plausible
target,target outcome-regression completion,"OR-completion reference, k=1",False,1.0,0.0,target_oe_ratio,0.9988090421322556,0.8486781549637048,1.178321355059447,1000,retained patient/operation,data/processed/mnar_chain_bootstrap_v32.parquet,parameterized OR-completion sensitivity with sampling interval; multiplier is not asserted clinically plausible
target,target outcome-regression completion,"OR-completion reference, k=1",False,1.0,0.0,target_calibration_slope,0.9378978131009412,0.7183070535960198,1.2098499415962678,1000,retained patient/operation,data/processed/mnar_chain_bootstrap_v32.parquet,parameterized OR-completion sensitivity with sampling interval; multiplier is not asserted clinically plausible
target,target outcome-regression completion,"OR-completion reference, k=1",False,1.0,0.0,target_auroc,0.6816673538411898,0.6391454264080758,0.7263967999870514,1000,retained patient/operation,data/processed/mnar_chain_bootstrap_v32.parquet,parameterized OR-completion sensitivity with sampling interval; multiplier is not asserted clinically plausible
target,target outcome-regression completion,"OR-completion reference, k=1",False,1.0,0.0,target_brier,0.0832321452263915,0.0741234690502552,0.0926510263081012,1000,retained patient/operation,data/processed/mnar_chain_bootstrap_v32.parquet,parameterized OR-completion sensitivity with sampling interval; multiplier is not asserted clinically plausible
target,target outcome-regression completion,"OR-completion reference, k=1",False,1.0,0.0,threshold_5_alerts,2087.0,1695.85,2404.0,1000,retained patient/operation,data/processed/mnar_chain_bootstrap_v32.parquet,parameterized OR-completion sensitivity with sampling interval; multiplier is not asserted clinically plausible
target,target outcome-regression completion,"OR-completion reference, k=1",False,1.0,0.0,threshold_5_alerts_per_1000,806.7259373792037,655.5276381909548,929.2616930807884,1000,retained patient/operation,data/processed/mnar_chain_bootstrap_v32.parquet,parameterized OR-completion sensitivity with sampling interval; multiplier is not asserted clinically plausible
target,target outcome-regression completion,"OR-completion reference, k=1",False,1.0,0.0,threshold_10_alerts,768.0,580.975,978.05,1000,retained patient/operation,data/processed/mnar_chain_bootstrap_v32.parquet,parameterized OR-completion sensitivity with sampling interval; multiplier is not asserted clinically plausible
target,target outcome-regression completion,"OR-completion reference, k=1",False,1.0,0.0,threshold_10_alerts_per_1000,296.8689601855431,224.57479706223424,378.0633938925396,1000,retained patient/operation,data/processed/mnar_chain_bootstrap_v32.parquet,parameterized OR-completion sensitivity with sampling interval; multiplier is not asserted clinically plausible
target,target outcome-regression completion,"OR-completion reference, k=1",False,1.0,0.0,threshold_20_alerts,191.0,140.0,248.025,1000,retained patient/operation,data/processed/mnar_chain_bootstrap_v32.parquet,parameterized OR-completion sensitivity with sampling interval; multiplier is not asserted clinically plausible
target,target outcome-regression completion,"OR-completion reference, k=1",False,1.0,0.0,threshold_20_alerts_per_1000,73.83069192114418,54.11673753382296,95.873598763046,1000,retained patient/operation,data/processed/mnar_chain_bootstrap_v32.parquet,parameterized OR-completion sensitivity with sampling interval; multiplier is not asserted clinically plausible
target,target outcome-regression completion,OR-completion sensitivity,False,1.5,0.4054651081081644,update_alpha,0.0884660934907852,-0.3412095790108758,0.5562675827545195,1000,retained patient/operation,data/processed/mnar_chain_bootstrap_v32.parquet,parameterized OR-completion sensitivity with sampling interval; multiplier is not asserted clinically plausible
target,target outcome-regression completion,OR-completion sensitivity,False,1.5,0.4054651081081644,update_beta,0.8963305835406209,0.729612838765128,1.087498644889285,1000,retained patient/operation,data/processed/mnar_chain_bootstrap_v32.parquet,parameterized OR-completion sensitivity with sampling interval; multiplier is not asserted clinically plausible
target,target outcome-regression completion,OR-completion sensitivity,False,1.5,0.4054651081081644,target_oe_ratio,1.0471225570030644,0.8872188897803379,1.2346040361781856,1000,retained patient/operation,data/processed/mnar_chain_bootstrap_v32.parquet,parameterized OR-completion sensitivity with sampling interval; multiplier is not asserted clinically plausible
target,target outcome-regression completion,OR-completion sensitivity,False,1.5,0.4054651081081644,target_calibration_slope,0.90347110236712,0.6820854936778376,1.173059631363898,1000,retained patient/operation,data/processed/mnar_chain_bootstrap_v32.parquet,parameterized OR-completion sensitivity with sampling interval; multiplier is not asserted clinically plausible
target,target outcome-regression completion,OR-completion sensitivity,False,1.5,0.4054651081081644,target_auroc,0.6723785772769839,0.6311082791822415,0.7180582107034188,1000,retained patient/operation,data/processed/mnar_chain_bootstrap_v32.parquet,parameterized OR-completion sensitivity with sampling interval; multiplier is not asserted clinically plausible
target,target outcome-regression completion,OR-completion sensitivity,False,1.5,0.4054651081081644,target_brier,0.0870908522658746,0.0774897863914626,0.0970584820492303,1000,retained patient/operation,data/processed/mnar_chain_bootstrap_v32.parquet,parameterized OR-completion sensitivity with sampling interval; multiplier is not asserted clinically plausible
target,target outcome-regression completion,OR-completion sensitivity,False,1.5,0.4054651081081644,threshold_5_alerts,2087.0,1695.85,2403.9999999999995,1000,retained patient/operation,data/processed/mnar_chain_bootstrap_v32.parquet,parameterized OR-completion sensitivity with sampling interval; multiplier is not asserted clinically plausible
target,target outcome-regression completion,OR-completion sensitivity,False,1.5,0.4054651081081644,threshold_5_alerts_per_1000,806.7259373792037,655.5276381909548,929.2616930807884,1000,retained patient/operation,data/processed/mnar_chain_bootstrap_v32.parquet,parameterized OR-completion sensitivity with sampling interval; multiplier is not asserted clinically plausible
target,target outcome-regression completion,OR-completion sensitivity,False,1.5,0.4054651081081644,threshold_10_alerts,768.0,580.975,978.05,1000,retained patient/operation,data/processed/mnar_chain_bootstrap_v32.parquet,parameterized OR-completion sensitivity with sampling interval; multiplier is not asserted clinically plausible
target,target outcome-regression completion,OR-completion sensitivity,False,1.5,0.4054651081081644,threshold_10_alerts_per_1000,296.8689601855431,224.57479706223424,378.0633938925396,1000,retained patient/operation,data/processed/mnar_chain_bootstrap_v32.parquet,parameterized OR-completion sensitivity with sampling interval; multiplier is not asserted clinically plausible
target,target outcome-regression completion,OR-completion sensitivity,False,1.5,0.4054651081081644,threshold_20_alerts,191.0,140.0,248.025,1000,retained patient/operation,data/processed/mnar_chain_bootstrap_v32.parquet,parameterized OR-completion sensitivity with sampling interval; multiplier is not asserted clinically plausible
target,target outcome-regression completion,OR-completion sensitivity,False,1.5,0.4054651081081644,threshold_20_alerts_per_1000,73.83069192114418,54.11673753382296,95.873598763046,1000,retained patient/operation,data/processed/mnar_chain_bootstrap_v32.parquet,parameterized OR-completion sensitivity with sampling interval; multiplier is not asserted clinically plausible
target,target outcome-regression completion,OR-completion sensitivity,False,2.0,0.6931471805599453,update_alpha,0.0884660934907852,-0.3412095790108758,0.5562675827545195,1000,retained patient/operation,data/processed/mnar_chain_bootstrap_v32.parquet,parameterized OR-completion sensitivity with sampling interval; multiplier is not asserted clinically plausible
target,target outcome-regression completion,OR-completion sensitivity,False,2.0,0.6931471805599453,update_beta,0.8963305835406209,0.729612838765128,1.087498644889285,1000,retained patient/operation,data/processed/mnar_chain_bootstrap_v32.parquet,parameterized OR-completion sensitivity with sampling interval; multiplier is not asserted clinically plausible
target,target outcome-regression completion,OR-completion sensitivity,False,2.0,0.6931471805599453,target_oe_ratio,1.0911216667928632,0.9222671504804204,1.2872140632842943,1000,retained patient/operation,data/processed/mnar_chain_bootstrap_v32.parquet,parameterized OR-completion sensitivity with sampling interval; multiplier is not asserted clinically plausible
target,target outcome-regression completion,OR-completion sensitivity,False,2.0,0.6931471805599453,target_calibration_slope,0.8713467158436794,0.6535874818148107,1.1375733521754388,1000,retained patient/operation,data/processed/mnar_chain_bootstrap_v32.parquet,parameterized OR-completion sensitivity with sampling interval; multiplier is not asserted clinically plausible
target,target outcome-regression completion,OR-completion sensitivity,False,2.0,0.6931471805599453,target_auroc,0.6639069112036462,0.6230992910032078,0.7084603470207199,1000,retained patient/operation,data/processed/mnar_chain_bootstrap_v32.parquet,parameterized OR-completion sensitivity with sampling interval; multiplier is not asserted clinically plausible
target,target outcome-regression completion,OR-completion sensitivity,False,2.0,0.6931471805599453,target_brier,0.0906430385073622,0.080511564100661,0.1009843126656568,1000,retained patient/operation,data/processed/mnar_chain_bootstrap_v32.parquet,parameterized OR-completion sensitivity with sampling interval; multiplier is not asserted clinically plausible
target,target outcome-regression completion,OR-completion sensitivity,False,2.0,0.6931471805599453,threshold_5_alerts,2087.0,1695.85,2403.9999999999995,1000,retained patient/operation,data/processed/mnar_chain_bootstrap_v32.parquet,parameterized OR-completion sensitivity with sampling interval; multiplier is not asserted clinically plausible
target,target outcome-regression completion,OR-completion sensitivity,False,2.0,0.6931471805599453,threshold_5_alerts_per_1000,806.7259373792037,655.5276381909548,929.2616930807884,1000,retained patient/operation,data/processed/mnar_chain_bootstrap_v32.parquet,parameterized OR-completion sensitivity with sampling interval; multiplier is not asserted clinically plausible
target,target outcome-regression completion,OR-completion sensitivity,False,2.0,0.6931471805599453,threshold_10_alerts,768.0,580.975,978.05,1000,retained patient/operation,data/processed/mnar_chain_bootstrap_v32.parquet,parameterized OR-completion sensitivity with sampling interval; multiplier is not asserted clinically plausible
target,target outcome-regression completion,OR-completion sensitivity,False,2.0,0.6931471805599453,threshold_10_alerts_per_1000,296.8689601855431,224.57479706223424,378.0633938925396,1000,retained patient/operation,data/processed/mnar_chain_bootstrap_v32.parquet,parameterized OR-completion sensitivity with sampling interval; multiplier is not asserted clinically plausible
target,target outcome-regression completion,OR-completion sensitivity,False,2.0,0.6931471805599453,threshold_20_alerts,191.0,140.0,248.025,1000,retained patient/operation,data/processed/mnar_chain_bootstrap_v32.parquet,parameterized OR-completion sensitivity with sampling interval; multiplier is not asserted clinically plausible
target,target outcome-regression completion,OR-completion sensitivity,False,2.0,0.6931471805599453,threshold_20_alerts_per_1000,73.83069192114418,54.11673753382296,95.873598763046,1000,retained patient/operation,data/processed/mnar_chain_bootstrap_v32.parquet,parameterized OR-completion sensitivity with sampling interval; multiplier is not asserted clinically plausible
target,target outcome-regression completion,OR-completion sensitivity,False,3.0,1.0986122886681098,update_alpha,0.0884660934907852,-0.3412095790108758,0.5562675827545195,1000,retained patient/operation,data/processed/mnar_chain_bootstrap_v32.parquet,parameterized OR-completion sensitivity with sampling interval; multiplier is not asserted clinically plausible
target,target outcome-regression completion,OR-completion sensitivity,False,3.0,1.0986122886681098,update_beta,0.8963305835406209,0.729612838765128,1.087498644889285,1000,retained patient/operation,data/processed/mnar_chain_bootstrap_v32.parquet,parameterized OR-completion sensitivity with sampling interval; multiplier is not asserted clinically plausible
target,target outcome-regression completion,OR-completion sensitivity,False,3.0,1.0986122886681098,target_oe_ratio,1.169571739842957,0.9865712645297164,1.3750271609972593,1000,retained patient/operation,data/processed/mnar_chain_bootstrap_v32.parquet,parameterized OR-completion sensitivity with sampling interval; multiplier is not asserted clinically plausible
target,target outcome-regression completion,OR-completion sensitivity,False,3.0,1.0986122886681098,target_calibration_slope,0.8138030304680439,0.6043753838579912,1.0726920757979486,1000,retained patient/operation,data/processed/mnar_chain_bootstrap_v32.parquet,parameterized OR-completion sensitivity with sampling interval; multiplier is not asserted clinically plausible
target,target outcome-regression completion,OR-completion sensitivity,False,3.0,1.0986122886681098,target_auroc,0.6490941747393173,0.6083940385106864,0.6925298655598193,1000,retained patient/operation,data/processed/mnar_chain_bootstrap_v32.parquet,parameterized OR-completion sensitivity with sampling interval; multiplier is not asserted clinically plausible
target,target outcome-regression completion,OR-completion sensitivity,False,3.0,1.0986122886681098,target_brier,0.0970436622288029,0.0859480816435821,0.1079625701880038,1000,retained patient/operation,data/processed/mnar_chain_bootstrap_v32.parquet,parameterized OR-completion sensitivity with sampling interval; multiplier is not asserted clinically plausible
target,target outcome-regression completion,OR-completion sensitivity,False,3.0,1.0986122886681098,threshold_5_alerts,2087.0,1695.85,2403.9999999999995,1000,retained patient/operation,data/processed/mnar_chain_bootstrap_v32.parquet,parameterized OR-completion sensitivity with sampling interval; multiplier is not asserted clinically plausible
target,target outcome-regression completion,OR-completion sensitivity,False,3.0,1.0986122886681098,threshold_5_alerts_per_1000,806.7259373792037,655.5276381909548,929.2616930807884,1000,retained patient/operation,data/processed/mnar_chain_bootstrap_v32.parquet,parameterized OR-completion sensitivity with sampling interval; multiplier is not asserted clinically plausible
target,target outcome-regression completion,OR-completion sensitivity,False,3.0,1.0986122886681098,threshold_10_alerts,768.0,580.975,978.05,1000,retained patient/operation,data/processed/mnar_chain_bootstrap_v32.parquet,parameterized OR-completion sensitivity with sampling interval; multiplier is not asserted clinically plausible
target,target outcome-regression completion,OR-completion sensitivity,False,3.0,1.0986122886681098,threshold_10_alerts_per_1000,296.8689601855431,224.57479706223424,378.0633938925396,1000,retained patient/operation,data/processed/mnar_chain_bootstrap_v32.parquet,parameterized OR-completion sensitivity with sampling interval; multiplier is not asserted clinically plausible
target,target outcome-regression completion,OR-completion sensitivity,False,3.0,1.0986122886681098,threshold_20_alerts,191.0,140.0,248.025,1000,retained patient/operation,data/processed/mnar_chain_bootstrap_v32.parquet,parameterized OR-completion sensitivity with sampling interval; multiplier is not asserted clinically plausible
target,target outcome-regression completion,OR-completion sensitivity,False,3.0,1.0986122886681098,threshold_20_alerts_per_1000,73.83069192114418,54.11673753382296,95.873598763046,1000,retained patient/operation,data/processed/mnar_chain_bootstrap_v32.parquet,parameterized OR-completion sensitivity with sampling interval; multiplier is not asserted clinically plausible
